paper_id,title,authors,venue,year,primary_category,topics,pdf_filename,pdf_path,abs_url,pdf_url
2002.08909,REALM: Retrieval-Augmented Language Model Pre-Training,Kelvin Guu; Kenton Lee; Zora Tung; Panupong Pasupat; Ming-Wei Chang,,2020,cs.CL,"cs.CL, cs.LG",2002.08909.pdf,data/papers/2002.08909.pdf,https://arxiv.org/abs/2002.08909,https://arxiv.org/pdf/2002.08909
2004.04906,Dense Passage Retrieval for Open-Domain Question Answering,Vladimir Karpukhin; Barlas Oğuz; Sewon Min; Patrick Lewis; Ledell Wu; Sergey Edunov; Danqi Chen; Wen-tau Yih,,2020,cs.CL,cs.CL,2004.04906.pdf,data/papers/2004.04906.pdf,https://arxiv.org/abs/2004.04906,https://arxiv.org/pdf/2004.04906
2005.11401,Retrieval-Augmented Generation for Knowledge-Intensive NLP Tasks,Patrick Lewis; Ethan Perez; Aleksandra Piktus; Fabio Petroni; Vladimir Karpukhin; Naman Goyal; Heinrich Küttler; Mike Lewis; Wen-tau Yih; Tim Rocktäschel; Sebastian Riedel; Douwe Kiela,,2020,cs.CL,"cs.CL, cs.LG",2005.11401.pdf,data/papers/2005.11401.pdf,https://arxiv.org/abs/2005.11401,https://arxiv.org/pdf/2005.11401
2005.14165,Language Models are Few-Shot Learners,Tom B. Brown; Benjamin Mann; Nick Ryder; Melanie Subbiah; Jared Kaplan; Prafulla Dhariwal; Arvind Neelakantan; Pranav Shyam; Girish Sastry; Amanda Askell; Sandhini Agarwal; Ariel Herbert-Voss; Gretchen Krueger; Tom Henighan; Rewon Child; Aditya Ramesh; Daniel M. Ziegler; Jeffrey Wu; Clemens Winter; Christopher Hesse; Mark Chen; Eric Sigler; Mateusz Litwin; Scott Gray; Benjamin Chess; Jack Clark; Christopher Berner; Sam McCandlish; Alec Radford; Ilya Sutskever; Dario Amodei,,2020,cs.CL,cs.CL,2005.14165.pdf,data/papers/2005.14165.pdf,https://arxiv.org/abs/2005.14165,https://arxiv.org/pdf/2005.14165
2006.15720,Progressive Generation of Long Text with Pretrained Language Models,Bowen Tan; Zichao Yang; Maruan AI-Shedivat; Eric P. Xing; Zhiting Hu,,2020,cs.CL,"cs.CL, cs.LG",2006.15720.pdf,data/papers/2006.15720.pdf,https://arxiv.org/abs/2006.15720,https://arxiv.org/pdf/2006.15720
2007.01282,Leveraging Passage Retrieval with Generative Models for Open Domain Question Answering,Gautier Izacard; Edouard Grave,,2020,cs.CL,"cs.CL, cs.LG",2007.01282.pdf,data/papers/2007.01282.pdf,https://arxiv.org/abs/2007.01282,https://arxiv.org/pdf/2007.01282
2007.08124,LogiQA: A Challenge Dataset for Machine Reading Comprehension with Logical Reasoning,Jian Liu; Leyang Cui; Hanmeng Liu; Dandan Huang; Yile Wang; Yue Zhang,,2020,cs.CL,cs.CL,2007.08124.pdf,data/papers/2007.08124.pdf,https://arxiv.org/abs/2007.08124,https://arxiv.org/pdf/2007.08124
2008.02637,Question and Answer Test-Train Overlap in Open-Domain Question Answering Datasets,Patrick Lewis; Pontus Stenetorp; Sebastian Riedel,,2020,cs.CL,"cs.CL, cs.AI",2008.02637.pdf,data/papers/2008.02637.pdf,https://arxiv.org/abs/2008.02637,https://arxiv.org/pdf/2008.02637
2009.03300,Measuring Massive Multitask Language Understanding,Dan Hendrycks; Collin Burns; Steven Basart; Andy Zou; Mantas Mazeika; Dawn Song; Jacob Steinhardt,,2020,cs.CY,"cs.CY, cs.AI, cs.CL, cs.LG",2009.03300.pdf,data/papers/2009.03300.pdf,https://arxiv.org/abs/2009.03300,https://arxiv.org/pdf/2009.03300
2009.10855,Controlling Style in Generated Dialogue,Eric Michael Smith; Diana Gonzalez-Rico; Emily Dinan; Y-Lan Boureau,,2020,cs.CL,cs.CL,2009.10855.pdf,data/papers/2009.10855.pdf,https://arxiv.org/abs/2009.10855,https://arxiv.org/pdf/2009.10855
2010.00904,Autoregressive Entity Retrieval,Nicola De Cao; Gautier Izacard; Sebastian Riedel; Fabio Petroni,,2020,cs.CL,"cs.CL, cs.IR, cs.LG, stat.ML",2010.00904.pdf,data/papers/2010.00904.pdf,https://arxiv.org/abs/2010.00904,https://arxiv.org/pdf/2010.00904
2012.04584,Distilling Knowledge from Reader to Retriever for Question Answering,Gautier Izacard; Edouard Grave,,2020,cs.CL,"cs.CL, cs.LG",2012.04584.pdf,data/papers/2012.04584.pdf,https://arxiv.org/abs/2012.04584,https://arxiv.org/pdf/2012.04584
2101.00190,Prefix-Tuning: Optimizing Continuous Prompts for Generation,Xiang Lisa Li; Percy Liang,,2021,cs.CL,cs.CL,2101.00190.pdf,data/papers/2101.00190.pdf,https://arxiv.org/abs/2101.00190,https://arxiv.org/pdf/2101.00190
2101.05779,Structured Prediction as Translation between Augmented Natural Languages,Giovanni Paolini; Ben Athiwaratkun; Jason Krone; Jie Ma; Alessandro Achille; Rishita Anubhai; Cicero Nogueira dos Santos; Bing Xiang; Stefano Soatto,International Conference on Learning Representations (ICLR) 2021,2021,cs.LG,"cs.LG, cs.CL",2101.05779.pdf,data/papers/2101.05779.pdf,https://arxiv.org/abs/2101.05779,https://arxiv.org/pdf/2101.05779
2102.07350,Prompt Programming for Large Language Models: Beyond the Few-Shot Paradigm,Laria Reynolds; Kyle McDonell,,2021,cs.CL,"cs.CL, cs.AI",2102.07350.pdf,data/papers/2102.07350.pdf,https://arxiv.org/abs/2102.07350,https://arxiv.org/pdf/2102.07350
2103.00020,Learning Transferable Visual Models From Natural Language Supervision,Alec Radford; Jong Wook Kim; Chris Hallacy; Aditya Ramesh; Gabriel Goh; Sandhini Agarwal; Girish Sastry; Amanda Askell; Pamela Mishkin; Jack Clark; Gretchen Krueger; Ilya Sutskever,,2021,cs.CV,"cs.CV, cs.LG",2103.00020.pdf,data/papers/2103.00020.pdf,https://arxiv.org/abs/2103.00020,https://arxiv.org/pdf/2103.00020
2103.08493,How Many Data Points is a Prompt Worth?,Teven Le Scao; Alexander M. Rush,,2021,cs.LG,cs.LG,2103.08493.pdf,data/papers/2103.08493.pdf,https://arxiv.org/abs/2103.08493,https://arxiv.org/pdf/2103.08493
2103.10385,"GPT Understands, Too",Xiao Liu; Yanan Zheng; Zhengxiao Du; Ming Ding; Yujie Qian; Zhilin Yang; Jie Tang,,2021,cs.CL,"cs.CL, cs.LG",2103.10385.pdf,data/papers/2103.10385.pdf,https://arxiv.org/abs/2103.10385,https://arxiv.org/pdf/2103.10385
2104.07857,ZeRO-Infinity: Breaking the GPU Memory Wall for Extreme Scale Deep Learning,Samyam Rajbhandari; Olatunji Ruwase; Jeff Rasley; Shaden Smith; Yuxiong He,,2021,cs.DC,"cs.DC, cs.AI, cs.LG, cs.PF",2104.07857.pdf,data/papers/2104.07857.pdf,https://arxiv.org/abs/2104.07857,https://arxiv.org/pdf/2104.07857
2104.08773,Cross-Task Generalization via Natural Language Crowdsourcing Instructions,Swaroop Mishra; Daniel Khashabi; Chitta Baral; Hannaneh Hajishirzi,,2021,cs.CL,"cs.CL, cs.AI, cs.CV, cs.LG",2104.08773.pdf,data/papers/2104.08773.pdf,https://arxiv.org/abs/2104.08773,https://arxiv.org/pdf/2104.08773
2104.09864,RoFormer: Enhanced Transformer with Rotary Position Embedding,Jianlin Su; Yu Lu; Shengfeng Pan; Ahmed Murtadha; Bo Wen; Yunfeng Liu,,2021,cs.CL,"cs.CL, cs.AI, cs.LG",2104.09864.pdf,data/papers/2104.09864.pdf,https://arxiv.org/abs/2104.09864,https://arxiv.org/pdf/2104.09864
2105.04371,Poolingformer: Long Document Modeling with Pooling Attention,Hang Zhang; Yeyun Gong; Yelong Shen; Weisheng Li; Jiancheng Lv; Nan Duan; Weizhu Chen,,2021,cs.CL,cs.CL,2105.04371.pdf,data/papers/2105.04371.pdf,https://arxiv.org/abs/2105.04371,https://arxiv.org/pdf/2105.04371
2105.09122,The CKM Phase and $\barθ$ in Nelson-Barr Models,Alessandro Valenti; Luca Vecchi,,2021,hep-ph,hep-ph,2105.09122.pdf,data/papers/2105.09122.pdf,https://arxiv.org/abs/2105.09122,https://arxiv.org/pdf/2105.09122
2106.00882,Efficient Passage Retrieval with Hashing for Open-domain Question Answering,Ikuya Yamada; Akari Asai; Hannaneh Hajishirzi,,2021,cs.CL,"cs.CL, cs.IR",2106.00882.pdf,data/papers/2106.00882.pdf,https://arxiv.org/abs/2106.00882,https://arxiv.org/pdf/2106.00882
2106.09685,LoRA: Low-Rank Adaptation of Large Language Models,Edward J. Hu; Yelong Shen; Phillip Wallis; Zeyuan Allen-Zhu; Yuanzhi Li; Shean Wang; Lu Wang; Weizhu Chen,,2021,cs.CL,"cs.CL, cs.AI, cs.LG",2106.09685.pdf,data/papers/2106.09685.pdf,https://arxiv.org/abs/2106.09685,https://arxiv.org/pdf/2106.09685
2107.03374,Evaluating Large Language Models Trained on Code,Mark Chen; Jerry Tworek; Heewoo Jun; Qiming Yuan; Henrique Ponde de Oliveira Pinto; Jared Kaplan; Harri Edwards; Yuri Burda; Nicholas Joseph; Greg Brockman; Alex Ray; Raul Puri; Gretchen Krueger; Michael Petrov; Heidy Khlaaf; Girish Sastry; Pamela Mishkin; Brooke Chan; Scott Gray; Nick Ryder; Mikhail Pavlov; Alethea Power; Lukasz Kaiser; Mohammad Bavarian; Clemens Winter; Philippe Tillet; Felipe Petroski Such; Dave Cummings; Matthias Plappert; Fotios Chantzis; Elizabeth Barnes; Ariel Herbert-Voss; William Hebgen Guss; Alex Nichol; Alex Paino; Nikolas Tezak; Jie Tang; Igor Babuschkin; Suchir Balaji; Shantanu Jain; William Saunders; Christopher Hesse; Andrew N. Carr; Jan Leike; Josh Achiam; Vedant Misra; Evan Morikawa; Alec Radford; Matthew Knight; Miles Brundage; Mira Murati; Katie Mayer; Peter Welinder; Bob McGrew; Dario Amodei; Sam McCandlish; Ilya Sutskever; Wojciech Zaremba,,2021,cs.LG,cs.LG,2107.03374.pdf,data/papers/2107.03374.pdf,https://arxiv.org/abs/2107.03374,https://arxiv.org/pdf/2107.03374
2107.11817,Go Wider Instead of Deeper,Fuzhao Xue; Ziji Shi; Futao Wei; Yuxuan Lou; Yong Liu; Yang You,,2021,cs.LG,"cs.LG, cs.AI, cs.CV",2107.11817.pdf,data/papers/2107.11817.pdf,https://arxiv.org/abs/2107.11817,https://arxiv.org/pdf/2107.11817
2108.01552,Online Estimation of Diameter at Breast Height (DBH) of Forest Trees Using a Handheld LiDAR,Alexander Proudman; Milad Ramezani; Maurice Fallon,,2021,eess.IV,eess.IV,2108.01552.pdf,data/papers/2108.01552.pdf,https://arxiv.org/abs/2108.01552,https://arxiv.org/pdf/2108.01552
2108.02101,"Concentration inequalities from monotone couplings for graphs, walks, trees and branching processes",Tobias Johnson; Erol Peköz,"Stochastic Process. Appl., 152 1-31, 2022",2021,math.PR,math.PR,2108.02101.pdf,data/papers/2108.02101.pdf,https://arxiv.org/abs/2108.02101,https://arxiv.org/pdf/2108.02101
2109.01652,Finetuned Language Models Are Zero-Shot Learners,Jason Wei; Maarten Bosma; Vincent Y. Zhao; Kelvin Guu; Adams Wei Yu; Brian Lester; Nan Du; Andrew M. Dai; Quoc V. Le,,2021,cs.CL,cs.CL,2109.01652.pdf,data/papers/2109.01652.pdf,https://arxiv.org/abs/2109.01652,https://arxiv.org/pdf/2109.01652
2109.14739,Multi-Task Pre-Training for Plug-and-Play Task-Oriented Dialogue System,Yixuan Su; Lei Shu; Elman Mansimov; Arshit Gupta; Deng Cai; Yi-An Lai; Yi Zhang,,2021,cs.CL,cs.CL,2109.14739.pdf,data/papers/2109.14739.pdf,https://arxiv.org/abs/2109.14739,https://arxiv.org/pdf/2109.14739
2110.06104,Measurement of inclusive charged-particle b-jet production in pp and p-Pb collisions at $\sqrt{s_{\rm NN}} = 5.02$ TeV,ALICE Collaboration,JHEP 01 (2022) 178,2021,nucl-ex,"nucl-ex, hep-ex",2110.06104.pdf,data/papers/2110.06104.pdf,https://arxiv.org/abs/2110.06104,https://arxiv.org/pdf/2110.06104
2110.07567,Resource-constrained Federated Edge Learning with Heterogeneous Data: Formulation and Analysis,Yi Liu; Yuanshao Zhu; James J. Q. Yu,,2021,cs.LG,"cs.LG, cs.CR, cs.NI, eess.SY",2110.07567.pdf,data/papers/2110.07567.pdf,https://arxiv.org/abs/2110.07567,https://arxiv.org/pdf/2110.07567
2111.08940,Transparent Human Evaluation for Image Captioning,Jungo Kasai; Keisuke Sakaguchi; Lavinia Dunagan; Jacob Morrison; Ronan Le Bras; Yejin Choi; Noah A. Smith,,2021,cs.CL,"cs.CL, cs.CV",2111.08940.pdf,data/papers/2111.08940.pdf,https://arxiv.org/abs/2111.08940,https://arxiv.org/pdf/2111.08940
2111.14382,VPFNet: Improving 3D Object Detection with Virtual Point based LiDAR and Stereo Data Fusion,Hanqi Zhu; Jiajun Deng; Yu Zhang; Jianmin Ji; Qiuyu Mao; Houqiang Li; Yanyong Zhang,,2021,cs.CV,cs.CV,2111.14382.pdf,data/papers/2111.14382.pdf,https://arxiv.org/abs/2111.14382,https://arxiv.org/pdf/2111.14382
2112.01488,ColBERTv2: Effective and Efficient Retrieval via Lightweight Late Interaction,Keshav Santhanam; Omar Khattab; Jon Saad-Falcon; Christopher Potts; Matei Zaharia,,2021,cs.IR,"cs.IR, cs.CL",2112.01488.pdf,data/papers/2112.01488.pdf,https://arxiv.org/abs/2112.01488,https://arxiv.org/pdf/2112.01488
2112.09118,Unsupervised Dense Information Retrieval with Contrastive Learning,Gautier Izacard; Mathilde Caron; Lucas Hosseini; Sebastian Riedel; Piotr Bojanowski; Armand Joulin; Edouard Grave,,2021,cs.IR,"cs.IR, cs.AI, cs.CL",2112.09118.pdf,data/papers/2112.09118.pdf,https://arxiv.org/abs/2112.09118,https://arxiv.org/pdf/2112.09118
2112.10752,High-Resolution Image Synthesis with Latent Diffusion Models,Robin Rombach; Andreas Blattmann; Dominik Lorenz; Patrick Esser; Björn Ommer,,2021,cs.CV,cs.CV,2112.10752.pdf,data/papers/2112.10752.pdf,https://arxiv.org/abs/2112.10752,https://arxiv.org/pdf/2112.10752
2201.05966,UnifiedSKG: Unifying and Multi-Tasking Structured Knowledge Grounding with Text-to-Text Language Models,Tianbao Xie; Chen Henry Wu; Peng Shi; Ruiqi Zhong; Torsten Scholak; Michihiro Yasunaga; Chien-Sheng Wu; Ming Zhong; Pengcheng Yin; Sida I. Wang; Victor Zhong; Bailin Wang; Chengzu Li; Connor Boyle; Ansong Ni; Ziyu Yao; Dragomir Radev; Caiming Xiong; Lingpeng Kong; Rui Zhang; Noah A. Smith; Luke Zettlemoyer; Tao Yu,,2022,cs.CL,cs.CL,2201.05966.pdf,data/papers/2201.05966.pdf,https://arxiv.org/abs/2201.05966,https://arxiv.org/pdf/2201.05966
2201.10903,Highly stable electronic properties of rippled antimonene under compressive deformation,Yujia Tian; Devesh R. Kripalani; Ming Xue; Shaofan Li; Kun Zhou,"Physical Review B (2022) 105, 035308",2022,cond-mat.mtrl-sci,cond-mat.mtrl-sci,2201.10903.pdf,data/papers/2201.10903.pdf,https://arxiv.org/abs/2201.10903,https://arxiv.org/pdf/2201.10903
2202.01110,A Survey on Retrieval-Augmented Text Generation,Huayang Li; Yixuan Su; Deng Cai; Yan Wang; Lemao Liu,,2022,cs.CL,cs.CL,2202.01110.pdf,data/papers/2202.01110.pdf,https://arxiv.org/abs/2202.01110,https://arxiv.org/pdf/2202.01110
2202.12837,Rethinking the Role of Demonstrations: What Makes In-Context Learning Work?,Sewon Min; Xinxi Lyu; Ari Holtzman; Mikel Artetxe; Mike Lewis; Hannaneh Hajishirzi; Luke Zettlemoyer,,2022,cs.CL,"cs.CL, cs.AI",2202.12837.pdf,data/papers/2202.12837.pdf,https://arxiv.org/abs/2202.12837,https://arxiv.org/pdf/2202.12837
2203.02155,Training language models to follow instructions with human feedback,Long Ouyang; Jeff Wu; Xu Jiang; Diogo Almeida; Carroll L. Wainwright; Pamela Mishkin; Chong Zhang; Sandhini Agarwal; Katarina Slama; Alex Ray; John Schulman; Jacob Hilton; Fraser Kelton; Luke Miller; Maddie Simens; Amanda Askell; Peter Welinder; Paul Christiano; Jan Leike; Ryan Lowe,,2022,cs.CL,"cs.CL, cs.AI, cs.LG",2203.02155.pdf,data/papers/2203.02155.pdf,https://arxiv.org/abs/2203.02155,https://arxiv.org/pdf/2203.02155
2203.11912,What can we Learn Even From the Weakest? Learning Sketches for Programmatic Strategies,Leandro C. Medeiros; David S. Aleixo; Levi H. S. Lelis,,2022,cs.AI,cs.AI,2203.11912.pdf,data/papers/2203.11912.pdf,https://arxiv.org/abs/2203.11912,https://arxiv.org/pdf/2203.11912
2203.15556,Training Compute-Optimal Large Language Models,Jordan Hoffmann; Sebastian Borgeaud; Arthur Mensch; Elena Buchatskaya; Trevor Cai; Eliza Rutherford; Diego de Las Casas; Lisa Anne Hendricks; Johannes Welbl; Aidan Clark; Tom Hennigan; Eric Noland; Katie Millican; George van den Driessche; Bogdan Damoc; Aurelia Guy; Simon Osindero; Karen Simonyan; Erich Elsen; Jack W. Rae; Oriol Vinyals; Laurent Sifre,,2022,cs.CL,"cs.CL, cs.LG",2203.15556.pdf,data/papers/2203.15556.pdf,https://arxiv.org/abs/2203.15556,https://arxiv.org/pdf/2203.15556
2204.02311,PaLM: Scaling Language Modeling with Pathways,Aakanksha Chowdhery; Sharan Narang; Jacob Devlin; Maarten Bosma; Gaurav Mishra; Adam Roberts; Paul Barham; Hyung Won Chung; Charles Sutton; Sebastian Gehrmann; Parker Schuh; Kensen Shi; Sasha Tsvyashchenko; Joshua Maynez; Abhishek Rao; Parker Barnes; Yi Tay; Noam Shazeer; Vinodkumar Prabhakaran; Emily Reif; Nan Du; Ben Hutchinson; Reiner Pope; James Bradbury; Jacob Austin; Michael Isard; Guy Gur-Ari; Pengcheng Yin; Toju Duke; Anselm Levskaya; Sanjay Ghemawat; Sunipa Dev; Henryk Michalewski; Xavier Garcia; Vedant Misra; Kevin Robinson; Liam Fedus; Denny Zhou; Daphne Ippolito; David Luan; Hyeontaek Lim; Barret Zoph; Alexander Spiridonov; Ryan Sepassi; David Dohan; Shivani Agrawal; Mark Omernick; Andrew M. Dai; Thanumalayan Sankaranarayana Pillai; Marie Pellat; Aitor Lewkowycz; Erica Moreira; Rewon Child; Oleksandr Polozov; Katherine Lee; Zongwei Zhou; Xuezhi Wang; Brennan Saeta; Mark Diaz; Orhan Firat; Michele Catasta; Jason Wei; Kathy Meier-Hellstern; Douglas Eck; Jeff Dean; Slav Petrov; Noah Fiedel,,2022,cs.CL,cs.CL,2204.02311.pdf,data/papers/2204.02311.pdf,https://arxiv.org/abs/2204.02311,https://arxiv.org/pdf/2204.02311
2204.07705,Super-NaturalInstructions: Generalization via Declarative Instructions on 1600+ NLP Tasks,Yizhong Wang; Swaroop Mishra; Pegah Alipoormolabashi; Yeganeh Kordi; Amirreza Mirzaei; Anjana Arunkumar; Arjun Ashok; Arut Selvan Dhanasekaran; Atharva Naik; David Stap; Eshaan Pathak; Giannis Karamanolakis; Haizhi Gary Lai; Ishan Purohit; Ishani Mondal; Jacob Anderson; Kirby Kuznia; Krima Doshi; Maitreya Patel; Kuntal Kumar Pal; Mehrad Moradshahi; Mihir Parmar; Mirali Purohit; Neeraj Varshney; Phani Rohitha Kaza; Pulkit Verma; Ravsehaj Singh Puri; Rushang Karia; Shailaja Keyur Sampat; Savan Doshi; Siddhartha Mishra; Sujan Reddy; Sumanta Patro; Tanay Dixit; Xudong Shen; Chitta Baral; Yejin Choi; Noah A. Smith; Hannaneh Hajishirzi; Daniel Khashabi,,2022,cs.CL,"cs.CL, cs.AI",2204.07705.pdf,data/papers/2204.07705.pdf,https://arxiv.org/abs/2204.07705,https://arxiv.org/pdf/2204.07705
2204.10019,Standing on the Shoulders of Giant Frozen Language Models,Yoav Levine; Itay Dalmedigos; Ori Ram; Yoel Zeldes; Daniel Jannai; Dor Muhlgay; Yoni Osin; Opher Lieber; Barak Lenz; Shai Shalev-Shwartz; Amnon Shashua; Kevin Leyton-Brown; Yoav Shoham,,2022,cs.CL,"cs.CL, cs.AI",2204.10019.pdf,data/papers/2204.10019.pdf,https://arxiv.org/abs/2204.10019,https://arxiv.org/pdf/2204.10019
2205.01068,OPT: Open Pre-trained Transformer Language Models,Susan Zhang; Stephen Roller; Naman Goyal; Mikel Artetxe; Moya Chen; Shuohui Chen; Christopher Dewan; Mona Diab; Xian Li; Xi Victoria Lin; Todor Mihaylov; Myle Ott; Sam Shleifer; Kurt Shuster; Daniel Simig; Punit Singh Koura; Anjali Sridhar; Tianlu Wang; Luke Zettlemoyer,,2022,cs.CL,"cs.CL, cs.LG",2205.01068.pdf,data/papers/2205.01068.pdf,https://arxiv.org/abs/2205.01068,https://arxiv.org/pdf/2205.01068
2205.12644,LingMess: Linguistically Informed Multi Expert Scorers for Coreference Resolution,Shon Otmazgin; Arie Cattan; Yoav Goldberg,,2022,cs.CL,cs.CL,2205.12644.pdf,data/papers/2205.12644.pdf,https://arxiv.org/abs/2205.12644,https://arxiv.org/pdf/2205.12644
2205.14180,Effect of matrix sparsity and quantum noise on quantum random walk linear solvers,Benjamin Wu; Hrushikesh Patil; Predrag Krstic,,2022,quant-ph,quant-ph,2205.14180.pdf,data/papers/2205.14180.pdf,https://arxiv.org/abs/2205.14180,https://arxiv.org/pdf/2205.14180
2206.07682,Emergent Abilities of Large Language Models,Jason Wei; Yi Tay; Rishi Bommasani; Colin Raffel; Barret Zoph; Sebastian Borgeaud; Dani Yogatama; Maarten Bosma; Denny Zhou; Donald Metzler; Ed H. Chi; Tatsunori Hashimoto; Oriol Vinyals; Percy Liang; Jeff Dean; William Fedus,,2022,cs.CL,cs.CL,2206.07682.pdf,data/papers/2206.07682.pdf,https://arxiv.org/abs/2206.07682,https://arxiv.org/pdf/2206.07682
2206.10503,On a certified VMS-Smagorinsky Reduced Basis model with LPS pressure stabilisation,Tomás Chacón Rebollo; Enrique Delgado Ávila; Macarena Gómez Mármol,,2022,math.NA,math.NA,2206.10503.pdf,data/papers/2206.10503.pdf,https://arxiv.org/abs/2206.10503,https://arxiv.org/pdf/2206.10503
2206.13673,How Many Events do You Need? Event-based Visual Place Recognition Using Sparse But Varying Pixels,Tobias Fischer; Michael Milford,IEEE Robotics and Automation Letters 2022,2022,cs.CV,"cs.CV, cs.AI, cs.RO",2206.13673.pdf,data/papers/2206.13673.pdf,https://arxiv.org/abs/2206.13673,https://arxiv.org/pdf/2206.13673
2207.05221,Language Models (Mostly) Know What They Know,Saurav Kadavath; Tom Conerly; Amanda Askell; Tom Henighan; Dawn Drain; Ethan Perez; Nicholas Schiefer; Zac Hatfield-Dodds; Nova DasSarma; Eli Tran-Johnson; Scott Johnston; Sheer El-Showk; Andy Jones; Nelson Elhage; Tristan Hume; Anna Chen; Yuntao Bai; Sam Bowman; Stanislav Fort; Deep Ganguli; Danny Hernandez; Josh Jacobson; Jackson Kernion; Shauna Kravec; Liane Lovitt; Kamal Ndousse; Catherine Olsson; Sam Ringer; Dario Amodei; Tom Brown; Jack Clark; Nicholas Joseph; Ben Mann; Sam McCandlish; Chris Olah; Jared Kaplan,,2022,cs.CL,"cs.CL, cs.AI, cs.LG",2207.05221.pdf,data/papers/2207.05221.pdf,https://arxiv.org/abs/2207.05221,https://arxiv.org/pdf/2207.05221
2207.10813,Three Dimensional Imaging using Coherent X-Rays at Grazing Incidence Geometry,Yi Yang; Sunil K. Sinha,"J. Opt. Soc. Am. A 40, 1500-1506 (2023)",2022,physics.ins-det,"physics.ins-det, physics.optics",2207.10813.pdf,data/papers/2207.10813.pdf,https://arxiv.org/abs/2207.10813,https://arxiv.org/pdf/2207.10813
2207.14303,"Lyman-Alpha Escape from Low-Mass, Compact, High-Redshift Galaxies",Ragadeepika Pucha; Naveen A. Reddy; Arjun Dey; Stéphanie Juneau; Kyoung-Soo Lee; Moire K. M. Prescott; Irene Shivaei; Sungryong Hong,,2022,astro-ph.GA,astro-ph.GA,2207.14303.pdf,data/papers/2207.14303.pdf,https://arxiv.org/abs/2207.14303,https://arxiv.org/pdf/2207.14303
2208.03299,Atlas: Few-shot Learning with Retrieval Augmented Language Models,Gautier Izacard; Patrick Lewis; Maria Lomeli; Lucas Hosseini; Fabio Petroni; Timo Schick; Jane Dwivedi-Yu; Armand Joulin; Sebastian Riedel; Edouard Grave,,2022,cs.CL,cs.CL,2208.03299.pdf,data/papers/2208.03299.pdf,https://arxiv.org/abs/2208.03299,https://arxiv.org/pdf/2208.03299
2208.09257,Ultron: An Ultimate Retriever on Corpus with a Model-based Indexer,Yujia Zhou; Jing Yao; Zhicheng Dou; Ledell Wu; Peitian Zhang; Ji-Rong Wen,,2022,cs.IR,cs.IR,2208.09257.pdf,data/papers/2208.09257.pdf,https://arxiv.org/abs/2208.09257,https://arxiv.org/pdf/2208.09257
2208.09282,Diagnose Like a Radiologist: Hybrid Neuro-Probabilistic Reasoning for Attribute-Based Medical Image Diagnosis,Gangming Zhao; Quanlong Feng; Chaoqi Chen; Zhen Zhou; Yizhou Yu,,2022,cs.CV,cs.CV,2208.09282.pdf,data/papers/2208.09282.pdf,https://arxiv.org/abs/2208.09282,https://arxiv.org/pdf/2208.09282
2208.11857,Shortcut Learning of Large Language Models in Natural Language Understanding,Mengnan Du; Fengxiang He; Na Zou; Dacheng Tao; Xia Hu,,2022,cs.CL,"cs.CL, cs.LG",2208.11857.pdf,data/papers/2208.11857.pdf,https://arxiv.org/abs/2208.11857,https://arxiv.org/pdf/2208.11857
2209.01540,An Empirical Study of End-to-End Video-Language Transformers with Masked Visual Modeling,Tsu-Jui Fu; Linjie Li; Zhe Gan; Kevin Lin; William Yang Wang; Lijuan Wang; Zicheng Liu,,2022,cs.CV,cs.CV,2209.01540.pdf,data/papers/2209.01540.pdf,https://arxiv.org/abs/2209.01540,https://arxiv.org/pdf/2209.01540
2209.12893,A CNN-LSTM-based Fusion Separation Deep Neural Network for 6G Ultra-Massive MIMO Hybrid Beamforming,Rafid Umayer Murshed; Zulqarnain Bin Ashraf; Abu Horaira Hridhon; Kumudu Munasinghe; Abbas Jamalipour; MD. Farhad Hossain,,2022,eess.SP,eess.SP,2209.12893.pdf,data/papers/2209.12893.pdf,https://arxiv.org/abs/2209.12893,https://arxiv.org/pdf/2209.12893
2209.14430,Minimax Optimal Kernel Operator Learning via Multilevel Training,Jikai Jin; Yiping Lu; Jose Blanchet; Lexing Ying,,2022,cs.LG,"cs.LG, econ.EM, math.NA, math.ST, stat.ML",2209.14430.pdf,data/papers/2209.14430.pdf,https://arxiv.org/abs/2209.14430,https://arxiv.org/pdf/2209.14430
2210.03347,Pix2Struct: Screenshot Parsing as Pretraining for Visual Language Understanding,Kenton Lee; Mandar Joshi; Iulia Turc; Hexiang Hu; Fangyu Liu; Julian Eisenschlos; Urvashi Khandelwal; Peter Shaw; Ming-Wei Chang; Kristina Toutanova,,2022,cs.CL,"cs.CL, cs.CV",2210.03347.pdf,data/papers/2210.03347.pdf,https://arxiv.org/abs/2210.03347,https://arxiv.org/pdf/2210.03347
2210.09338,Deep Bidirectional Language-Knowledge Graph Pretraining,Michihiro Yasunaga; Antoine Bosselut; Hongyu Ren; Xikun Zhang; Christopher D Manning; Percy Liang; Jure Leskovec,,2022,cs.CL,"cs.CL, cs.AI, cs.LG",2210.09338.pdf,data/papers/2210.09338.pdf,https://arxiv.org/abs/2210.09338,https://arxiv.org/pdf/2210.09338
2210.11610,Large Language Models Can Self-Improve,Jiaxin Huang; Shixiang Shane Gu; Le Hou; Yuexin Wu; Xuezhi Wang; Hongkun Yu; Jiawei Han,,2022,cs.CL,cs.CL,2210.11610.pdf,data/papers/2210.11610.pdf,https://arxiv.org/abs/2210.11610,https://arxiv.org/pdf/2210.11610
2211.08411,Large Language Models Struggle to Learn Long-Tail Knowledge,Nikhil Kandpal; Haikang Deng; Adam Roberts; Eric Wallace; Colin Raffel,,2022,cs.CL,"cs.CL, cs.LG",2211.08411.pdf,data/papers/2211.08411.pdf,https://arxiv.org/abs/2211.08411,https://arxiv.org/pdf/2211.08411
2211.09260,Task-aware Retrieval with Instructions,Akari Asai; Timo Schick; Patrick Lewis; Xilun Chen; Gautier Izacard; Sebastian Riedel; Hannaneh Hajishirzi; Wen-tau Yih,,2022,cs.CL,cs.CL,2211.09260.pdf,data/papers/2211.09260.pdf,https://arxiv.org/abs/2211.09260,https://arxiv.org/pdf/2211.09260
2211.14981,The Grind for Good Data: Understanding ML Practitioners' Struggles and Aspirations in Making Good Data,Inha Cha; Juhyun Oh; Cheul Young Park; Jiyoon Han; Hwalsuk Lee,,2022,cs.HC,cs.HC,2211.14981.pdf,data/papers/2211.14981.pdf,https://arxiv.org/abs/2211.14981,https://arxiv.org/pdf/2211.14981
2212.07398,Policy Adaptation from Foundation Model Feedback,Yuying Ge; Annabella Macaluso; Li Erran Li; Ping Luo; Xiaolong Wang,,2022,cs.LG,"cs.LG, cs.AI, cs.CV, cs.RO",2212.07398.pdf,data/papers/2212.07398.pdf,https://arxiv.org/abs/2212.07398,https://arxiv.org/pdf/2212.07398
2212.14024,Demonstrate-Search-Predict: Composing retrieval and language models for knowledge-intensive NLP,Omar Khattab; Keshav Santhanam; Xiang Lisa Li; David Hall; Percy Liang; Christopher Potts; Matei Zaharia,,2022,cs.CL,"cs.CL, cs.IR",2212.14024.pdf,data/papers/2212.14024.pdf,https://arxiv.org/abs/2212.14024,https://arxiv.org/pdf/2212.14024
2301.04780,Much Ado About Gender: Current Practices and Future Recommendations for Appropriate Gender-Aware Information Access,Christine Pinney; Amifa Raj; Alex Hanna; Michael D. Ekstrand,,2023,cs.IR,"cs.IR, cs.CY",2301.04780.pdf,data/papers/2301.04780.pdf,https://arxiv.org/abs/2301.04780,https://arxiv.org/pdf/2301.04780
2301.07094,Learning Customized Visual Models with Retrieval-Augmented Knowledge,Haotian Liu; Kilho Son; Jianwei Yang; Ce Liu; Jianfeng Gao; Yong Jae Lee; Chunyuan Li,,2023,cs.CV,"cs.CV, cs.AI, cs.CL, cs.LG",2301.07094.pdf,data/papers/2301.07094.pdf,https://arxiv.org/abs/2301.07094,https://arxiv.org/pdf/2301.07094
2301.09992,Multitask Instruction-based Prompting for Fallacy Recognition,Tariq Alhindi; Tuhin Chakrabarty; Elena Musi; Smaranda Muresan,"Proceedings of the 2022 Conference on Empirical Methods in Natural Language Processing, pages 8172 - 8187",2023,cs.CL,cs.CL,2301.09992.pdf,data/papers/2301.09992.pdf,https://arxiv.org/abs/2301.09992,https://arxiv.org/pdf/2301.09992
2301.12652,REPLUG: Retrieval-Augmented Black-Box Language Models,Weijia Shi; Sewon Min; Michihiro Yasunaga; Minjoon Seo; Rich James; Mike Lewis; Luke Zettlemoyer; Wen-tau Yih,,2023,cs.CL,cs.CL,2301.12652.pdf,data/papers/2301.12652.pdf,https://arxiv.org/abs/2301.12652,https://arxiv.org/pdf/2301.12652
2302.04023,"A Multitask, Multilingual, Multimodal Evaluation of ChatGPT on Reasoning, Hallucination, and Interactivity",Yejin Bang; Samuel Cahyawijaya; Nayeon Lee; Wenliang Dai; Dan Su; Bryan Wilie; Holy Lovenia; Ziwei Ji; Tiezheng Yu; Willy Chung; Quyet V. Do; Yan Xu; Pascale Fung,,2023,cs.CL,"cs.CL, cs.AI",2302.04023.pdf,data/papers/2302.04023.pdf,https://arxiv.org/abs/2302.04023,https://arxiv.org/pdf/2302.04023
2302.07842,Augmented Language Models: a Survey,Grégoire Mialon; Roberto Dessì; Maria Lomeli; Christoforos Nalmpantis; Ram Pasunuru; Roberta Raileanu; Baptiste Rozière; Timo Schick; Jane Dwivedi-Yu; Asli Celikyilmaz; Edouard Grave; Yann LeCun; Thomas Scialom,,2023,cs.CL,cs.CL,2302.07842.pdf,data/papers/2302.07842.pdf,https://arxiv.org/abs/2302.07842,https://arxiv.org/pdf/2302.07842
2302.09419,A Comprehensive Survey on Pretrained Foundation Models: A History from BERT to ChatGPT,Ce Zhou; Qian Li; Chen Li; Jun Yu; Yixin Liu; Guangjing Wang; Kai Zhang; Cheng Ji; Qiben Yan; Lifang He; Hao Peng; Jianxin Li; Jia Wu; Ziwei Liu; Pengtao Xie; Caiming Xiong; Jian Pei; Philip S. Yu; Lichao Sun,,2023,cs.AI,"cs.AI, cs.CL, cs.LG",2302.09419.pdf,data/papers/2302.09419.pdf,https://arxiv.org/abs/2302.09419,https://arxiv.org/pdf/2302.09419
2302.11520,Guiding Large Language Models via Directional Stimulus Prompting,Zekun Li; Baolin Peng; Pengcheng He; Michel Galley; Jianfeng Gao; Xifeng Yan,,2023,cs.CL,cs.CL,2302.11520.pdf,data/papers/2302.11520.pdf,https://arxiv.org/abs/2302.11520,https://arxiv.org/pdf/2302.11520
2303.08774,GPT-4 Technical Report,OpenAI; Josh Achiam; Steven Adler; Sandhini Agarwal; Lama Ahmad; Ilge Akkaya; Florencia Leoni Aleman; Diogo Almeida; Janko Altenschmidt; Sam Altman; Shyamal Anadkat; Red Avila; Igor Babuschkin; Suchir Balaji; Valerie Balcom; Paul Baltescu; Haiming Bao; Mohammad Bavarian; Jeff Belgum; Irwan Bello; Jake Berdine; Gabriel Bernadett-Shapiro; Christopher Berner; Lenny Bogdonoff; Oleg Boiko; Madelaine Boyd; Anna-Luisa Brakman; Greg Brockman; Tim Brooks; Miles Brundage; Kevin Button; Trevor Cai; Rosie Campbell; Andrew Cann; Brittany Carey; Chelsea Carlson; Rory Carmichael; Brooke Chan; Che Chang; Fotis Chantzis; Derek Chen; Sully Chen; Ruby Chen; Jason Chen; Mark Chen; Ben Chess; Chester Cho; Casey Chu; Hyung Won Chung; Dave Cummings; Jeremiah Currier; Yunxing Dai; Cory Decareaux; Thomas Degry; Noah Deutsch; Damien Deville; Arka Dhar; David Dohan; Steve Dowling; Sheila Dunning; Adrien Ecoffet; Atty Eleti; Tyna Eloundou; David Farhi; Liam Fedus; Niko Felix; Simón Posada Fishman; Juston Forte; Isabella Fulford; Leo Gao; Elie Georges; Christian Gibson; Vik Goel; Tarun Gogineni; Gabriel Goh; Rapha Gontijo-Lopes; Jonathan Gordon; Morgan Grafstein; Scott Gray; Ryan Greene; Joshua Gross; Shixiang Shane Gu; Yufei Guo; Chris Hallacy; Jesse Han; Jeff Harris; Yuchen He; Mike Heaton; Johannes Heidecke; Chris Hesse; Alan Hickey; Wade Hickey; Peter Hoeschele; Brandon Houghton; Kenny Hsu; Shengli Hu; Xin Hu; Joost Huizinga; Shantanu Jain; Shawn Jain; Joanne Jang; Angela Jiang; Roger Jiang; Haozhun Jin; Denny Jin; Shino Jomoto; Billie Jonn; Heewoo Jun; Tomer Kaftan; Łukasz Kaiser; Ali Kamali; Ingmar Kanitscheider; Nitish Shirish Keskar; Tabarak Khan; Logan Kilpatrick; Jong Wook Kim; Christina Kim; Yongjik Kim; Jan Hendrik Kirchner; Jamie Kiros; Matt Knight; Daniel Kokotajlo; Łukasz Kondraciuk; Andrew Kondrich; Aris Konstantinidis; Kyle Kosic; Gretchen Krueger; Vishal Kuo; Michael Lampe; Ikai Lan; Teddy Lee; Jan Leike; Jade Leung; Daniel Levy; Chak Ming Li; Rachel Lim; Molly Lin; Stephanie Lin; Mateusz Litwin; Theresa Lopez; Ryan Lowe; Patricia Lue; Anna Makanju; Kim Malfacini; Sam Manning; Todor Markov; Yaniv Markovski; Bianca Martin; Katie Mayer; Andrew Mayne; Bob McGrew; Scott Mayer McKinney; Christine McLeavey; Paul McMillan; Jake McNeil; David Medina; Aalok Mehta; Jacob Menick; Luke Metz; Andrey Mishchenko; Pamela Mishkin; Vinnie Monaco; Evan Morikawa; Daniel Mossing; Tong Mu; Mira Murati; Oleg Murk; David Mély; Ashvin Nair; Reiichiro Nakano; Rajeev Nayak; Arvind Neelakantan; Richard Ngo; Hyeonwoo Noh; Long Ouyang; Cullen O'Keefe; Jakub Pachocki; Alex Paino; Joe Palermo; Ashley Pantuliano; Giambattista Parascandolo; Joel Parish; Emy Parparita; Alex Passos; Mikhail Pavlov; Andrew Peng; Adam Perelman; Filipe de Avila Belbute Peres; Michael Petrov; Henrique Ponde de Oliveira Pinto; Michael; Pokorny; Michelle Pokrass; Vitchyr H. Pong; Tolly Powell; Alethea Power; Boris Power; Elizabeth Proehl; Raul Puri; Alec Radford; Jack Rae; Aditya Ramesh; Cameron Raymond; Francis Real; Kendra Rimbach; Carl Ross; Bob Rotsted; Henri Roussez; Nick Ryder; Mario Saltarelli; Ted Sanders; Shibani Santurkar; Girish Sastry; Heather Schmidt; David Schnurr; John Schulman; Daniel Selsam; Kyla Sheppard; Toki Sherbakov; Jessica Shieh; Sarah Shoker; Pranav Shyam; Szymon Sidor; Eric Sigler; Maddie Simens; Jordan Sitkin; Katarina Slama; Ian Sohl; Benjamin Sokolowsky; Yang Song; Natalie Staudacher; Felipe Petroski Such; Natalie Summers; Ilya Sutskever; Jie Tang; Nikolas Tezak; Madeleine B. Thompson; Phil Tillet; Amin Tootoonchian; Elizabeth Tseng; Preston Tuggle; Nick Turley; Jerry Tworek; Juan Felipe Cerón Uribe; Andrea Vallone; Arun Vijayvergiya; Chelsea Voss; Carroll Wainwright; Justin Jay Wang; Alvin Wang; Ben Wang; Jonathan Ward; Jason Wei; CJ Weinmann; Akila Welihinda; Peter Welinder; Jiayi Weng; Lilian Weng; Matt Wiethoff; Dave Willner; Clemens Winter; Samuel Wolrich; Hannah Wong; Lauren Workman; Sherwin Wu; Jeff Wu; Michael Wu; Kai Xiao; Tao Xu; Sarah Yoo; Kevin Yu; Qiming Yuan; Wojciech Zaremba; Rowan Zellers; Chong Zhang; Marvin Zhang; Shengjia Zhao; Tianhao Zheng; Juntang Zhuang; William Zhuk; Barret Zoph,,2023,cs.CL,"cs.CL, cs.AI",2303.08774.pdf,data/papers/2303.08774.pdf,https://arxiv.org/abs/2303.08774,https://arxiv.org/pdf/2303.08774
2303.11040,Benchmarking Robustness of 3D Object Detection to Common Corruptions in Autonomous Driving,Yinpeng Dong; Caixin Kang; Jinlai Zhang; Zijian Zhu; Yikai Wang; Xiao Yang; Hang Su; Xingxing Wei; Jun Zhu,,2023,cs.CV,"cs.CV, cs.AI, cs.CR",2303.11040.pdf,data/papers/2303.11040.pdf,https://arxiv.org/abs/2303.11040,https://arxiv.org/pdf/2303.11040
2303.12528,MEGA: Multilingual Evaluation of Generative AI,Kabir Ahuja; Harshita Diddee; Rishav Hada; Millicent Ochieng; Krithika Ramesh; Prachi Jain; Akshay Nambi; Tanuja Ganu; Sameer Segal; Maxamed Axmed; Kalika Bali; Sunayana Sitaram,,2023,cs.CL,cs.CL,2303.12528.pdf,data/papers/2303.12528.pdf,https://arxiv.org/abs/2303.12528,https://arxiv.org/pdf/2303.12528
2304.01815,Consolidated Control Barrier Functions: Synthesis and Online Verification via Adaptation under Input Constraints,Mitchell Black; Dimitra Panagou,,2023,math.OC,"math.OC, eess.SY",2304.01815.pdf,data/papers/2304.01815.pdf,https://arxiv.org/abs/2304.01815,https://arxiv.org/pdf/2304.01815
2304.09797,Progressive-Hint Prompting Improves Reasoning in Large Language Models,Chuanyang Zheng; Zhengying Liu; Enze Xie; Zhenguo Li; Yu Li,,2023,cs.CL,"cs.CL, cs.LG",2304.09797.pdf,data/papers/2304.09797.pdf,https://arxiv.org/abs/2304.09797,https://arxiv.org/pdf/2304.09797
2304.14212,Coherent and non-unitary errors in ZZ-generated gates,T. Mueller; T. Stollenwerk; D. Headley; M. Epping; F. K. Wilhelm,,2023,quant-ph,quant-ph,2304.14212.pdf,data/papers/2304.14212.pdf,https://arxiv.org/abs/2304.14212,https://arxiv.org/pdf/2304.14212
2305.06983,Active Retrieval Augmented Generation,Zhengbao Jiang; Frank F. Xu; Luyu Gao; Zhiqing Sun; Qian Liu; Jane Dwivedi-Yu; Yiming Yang; Jamie Callan; Graham Neubig,,2023,cs.CL,"cs.CL, cs.LG",2305.06983.pdf,data/papers/2305.06983.pdf,https://arxiv.org/abs/2305.06983,https://arxiv.org/pdf/2305.06983
2305.12634,Data-efficient Active Learning for Structured Prediction with Partial Annotation and Self-Training,Zhisong Zhang; Emma Strubell; Eduard Hovy,,2023,cs.CL,cs.CL,2305.12634.pdf,data/papers/2305.12634.pdf,https://arxiv.org/abs/2305.12634,https://arxiv.org/pdf/2305.12634
2305.14314,QLoRA: Efficient Finetuning of Quantized LLMs,Tim Dettmers; Artidoro Pagnoni; Ari Holtzman; Luke Zettlemoyer,,2023,cs.LG,cs.LG,2305.14314.pdf,data/papers/2305.14314.pdf,https://arxiv.org/abs/2305.14314,https://arxiv.org/pdf/2305.14314
2306.08302,Unifying Large Language Models and Knowledge Graphs: A Roadmap,Shirui Pan; Linhao Luo; Yufei Wang; Chen Chen; Jiapu Wang; Xindong Wu,IEEE Transactions on Knowledge and Data Engineering (TKDE) 2024,2023,cs.CL,"cs.CL, cs.AI",2306.08302.pdf,data/papers/2306.08302.pdf,https://arxiv.org/abs/2306.08302,https://arxiv.org/pdf/2306.08302
2306.11489,Give Us the Facts: Enhancing Large Language Models with Knowledge Graphs for Fact-aware Language Modeling,Linyao Yang; Hongyang Chen; Zhao Li; Xiao Ding; Xindong Wu,,2023,cs.CL,"cs.CL, cs.AI",2306.11489.pdf,data/papers/2306.11489.pdf,https://arxiv.org/abs/2306.11489,https://arxiv.org/pdf/2306.11489
2306.15626,LeanDojo: Theorem Proving with Retrieval-Augmented Language Models,Kaiyu Yang; Aidan M. Swope; Alex Gu; Rahul Chalamala; Peiyang Song; Shixing Yu; Saad Godil; Ryan Prenger; Anima Anandkumar,,2023,cs.LG,"cs.LG, cs.AI, cs.LO, stat.ML",2306.15626.pdf,data/papers/2306.15626.pdf,https://arxiv.org/abs/2306.15626,https://arxiv.org/pdf/2306.15626
2307.09288,Llama 2: Open Foundation and Fine-Tuned Chat Models,Hugo Touvron; Louis Martin; Kevin Stone; Peter Albert; Amjad Almahairi; Yasmine Babaei; Nikolay Bashlykov; Soumya Batra; Prajjwal Bhargava; Shruti Bhosale; Dan Bikel; Lukas Blecher; Cristian Canton Ferrer; Moya Chen; Guillem Cucurull; David Esiobu; Jude Fernandes; Jeremy Fu; Wenyin Fu; Brian Fuller; Cynthia Gao; Vedanuj Goswami; Naman Goyal; Anthony Hartshorn; Saghar Hosseini; Rui Hou; Hakan Inan; Marcin Kardas; Viktor Kerkez; Madian Khabsa; Isabel Kloumann; Artem Korenev; Punit Singh Koura; Marie-Anne Lachaux; Thibaut Lavril; Jenya Lee; Diana Liskovich; Yinghai Lu; Yuning Mao; Xavier Martinet; Todor Mihaylov; Pushkar Mishra; Igor Molybog; Yixin Nie; Andrew Poulton; Jeremy Reizenstein; Rashi Rungta; Kalyan Saladi; Alan Schelten; Ruan Silva; Eric Michael Smith; Ranjan Subramanian; Xiaoqing Ellen Tan; Binh Tang; Ross Taylor; Adina Williams; Jian Xiang Kuan; Puxin Xu; Zheng Yan; Iliyan Zarov; Yuchen Zhang; Angela Fan; Melanie Kambadur; Sharan Narang; Aurelien Rodriguez; Robert Stojnic; Sergey Edunov; Thomas Scialom,,2023,cs.CL,"cs.CL, cs.AI",2307.09288.pdf,data/papers/2307.09288.pdf,https://arxiv.org/abs/2307.09288,https://arxiv.org/pdf/2307.09288
2307.11088,L-Eval: Instituting Standardized Evaluation for Long Context Language Models,Chenxin An; Shansan Gong; Ming Zhong; Xingjian Zhao; Mukai Li; Jun Zhang; Lingpeng Kong; Xipeng Qiu,,2023,cs.CL,cs.CL,2307.11088.pdf,data/papers/2307.11088.pdf,https://arxiv.org/abs/2307.11088,https://arxiv.org/pdf/2307.11088
2307.14823,Fading memory as inductive bias in residual recurrent networks,Igor Dubinin; Felix Effenberger,,2023,cs.LG,"cs.LG, cs.CV",2307.14823.pdf,data/papers/2307.14823.pdf,https://arxiv.org/abs/2307.14823,https://arxiv.org/pdf/2307.14823
2308.07633,A Survey on Model Compression for Large Language Models,Xunyu Zhu; Jian Li; Yong Liu; Can Ma; Weiping Wang,,2023,cs.CL,"cs.CL, cs.AI",2308.07633.pdf,data/papers/2308.07633.pdf,https://arxiv.org/abs/2308.07633,https://arxiv.org/pdf/2308.07633
2308.10620,Large Language Models for Software Engineering: A Systematic Literature Review,Xinyi Hou; Yanjie Zhao; Yue Liu; Zhou Yang; Kailong Wang; Li Li; Xiapu Luo; David Lo; John Grundy; Haoyu Wang,,2023,cs.SE,"cs.SE, cs.AI",2308.10620.pdf,data/papers/2308.10620.pdf,https://arxiv.org/abs/2308.10620,https://arxiv.org/pdf/2308.10620
2308.14963,Vector Search with OpenAI Embeddings: Lucene Is All You Need,Jimmy Lin; Ronak Pradeep; Tommaso Teofili; Jasper Xian,,2023,cs.IR,cs.IR,2308.14963.pdf,data/papers/2308.14963.pdf,https://arxiv.org/abs/2308.14963,https://arxiv.org/pdf/2308.14963
2309.01431,Benchmarking Large Language Models in Retrieval-Augmented Generation,Jiawei Chen; Hongyu Lin; Xianpei Han; Le Sun,,2023,cs.CL,cs.CL,2309.01431.pdf,data/papers/2309.01431.pdf,https://arxiv.org/abs/2309.01431,https://arxiv.org/pdf/2309.01431
2309.10814,Natural Language Embedded Programs for Hybrid Language Symbolic Reasoning,Tianhua Zhang; Jiaxin Ge; Hongyin Luo; Yung-Sung Chuang; Mingye Gao; Yuan Gong; Xixin Wu; Yoon Kim; Helen Meng; James Glass,,2023,cs.CL,cs.CL,2309.10814.pdf,data/papers/2309.10814.pdf,https://arxiv.org/abs/2309.10814,https://arxiv.org/pdf/2309.10814
2309.15217,Ragas: Automated Evaluation of Retrieval Augmented Generation,Shahul Es; Jithin James; Luis Espinosa-Anke; Steven Schockaert,,2023,cs.CL,cs.CL,2309.15217.pdf,data/papers/2309.15217.pdf,https://arxiv.org/abs/2309.15217,https://arxiv.org/pdf/2309.15217
2309.17002,Understanding and Mitigating the Label Noise in Pre-training on Downstream Tasks,Hao Chen; Jindong Wang; Ankit Shah; Ran Tao; Hongxin Wei; Xing Xie; Masashi Sugiyama; Bhiksha Raj,,2023,cs.LG,"cs.LG, cs.AI, cs.CV",2309.17002.pdf,data/papers/2309.17002.pdf,https://arxiv.org/abs/2309.17002,https://arxiv.org/pdf/2309.17002
2310.03214,FreshLLMs: Refreshing Large Language Models with Search Engine Augmentation,Tu Vu; Mohit Iyyer; Xuezhi Wang; Noah Constant; Jerry Wei; Jason Wei; Chris Tar; Yun-Hsuan Sung; Denny Zhou; Quoc Le; Thang Luong,,2023,cs.CL,cs.CL,2310.03214.pdf,data/papers/2310.03214.pdf,https://arxiv.org/abs/2310.03214,https://arxiv.org/pdf/2310.03214
2310.06025,Detectability of QCD phase transitions in binary neutron star mergers: Bayesian inference with the next generation gravitational wave detectors,Aviral Prakash; Ish Gupta; Matteo Breschi; Rahul Kashyap; David Radice; Sebastiano Bernuzzi; Domenico Logoteta; B. S. Sathyaprakash,,2023,gr-qc,"gr-qc, astro-ph.HE",2310.06025.pdf,data/papers/2310.06025.pdf,https://arxiv.org/abs/2310.06025,https://arxiv.org/pdf/2310.06025
2310.11511,"Self-RAG: Learning to Retrieve, Generate, and Critique through Self-Reflection",Akari Asai; Zeqiu Wu; Yizhong Wang; Avirup Sil; Hannaneh Hajishirzi,,2023,cs.CL,"cs.CL, cs.AI, cs.LG",2310.11511.pdf,data/papers/2310.11511.pdf,https://arxiv.org/abs/2310.11511,https://arxiv.org/pdf/2310.11511
2310.14162,Augmenting End-to-End Steering Angle Prediction with CAN Bus Data,Amit Singh,,2023,cs.CV,"cs.CV, cs.AI",2310.14162.pdf,data/papers/2310.14162.pdf,https://arxiv.org/abs/2310.14162,https://arxiv.org/pdf/2310.14162
2310.19923,Jina Embeddings 2: 8192-Token General-Purpose Text Embeddings for Long Documents,Michael Günther; Jackmin Ong; Isabelle Mohr; Alaeddine Abdessalem; Tanguy Abel; Mohammad Kalim Akram; Susana Guzman; Georgios Mastrapas; Saba Sturua; Bo Wang; Maximilian Werk; Nan Wang; Han Xiao,,2023,cs.CL,"cs.CL, cs.AI, cs.LG",2310.19923.pdf,data/papers/2310.19923.pdf,https://arxiv.org/abs/2310.19923,https://arxiv.org/pdf/2310.19923
2311.09476,ARES: An Automated Evaluation Framework for Retrieval-Augmented Generation Systems,Jon Saad-Falcon; Omar Khattab; Christopher Potts; Matei Zaharia,,2023,cs.CL,"cs.CL, cs.AI, cs.IR",2311.09476.pdf,data/papers/2311.09476.pdf,https://arxiv.org/abs/2311.09476,https://arxiv.org/pdf/2311.09476
2311.12023,LQ-LoRA: Low-rank Plus Quantized Matrix Decomposition for Efficient Language Model Finetuning,Han Guo; Philip Greengard; Eric P. Xing; Yoon Kim,,2023,cs.CL,"cs.CL, cs.LG",2311.12023.pdf,data/papers/2311.12023.pdf,https://arxiv.org/abs/2311.12023,https://arxiv.org/pdf/2311.12023
2311.16452,Can Generalist Foundation Models Outcompete Special-Purpose Tuning? Case Study in Medicine,Harsha Nori; Yin Tat Lee; Sheng Zhang; Dean Carignan; Richard Edgar; Nicolo Fusi; Nicholas King; Jonathan Larson; Yuanzhi Li; Weishung Liu; Renqian Luo; Scott Mayer McKinney; Robert Osazuwa Ness; Hoifung Poon; Tao Qin; Naoto Usuyama; Chris White; Eric Horvitz,,2023,cs.CL,cs.CL,2311.16452.pdf,data/papers/2311.16452.pdf,https://arxiv.org/abs/2311.16452,https://arxiv.org/pdf/2311.16452
2311.18412,"Statistical Field Theory and Neural Structures Dynamics II: Signals Propagation, Interferences, Bound States",Pierre Gosselin; Aïleen Lotz,,2023,physics.bio-ph,"physics.bio-ph, cond-mat.stat-mech, q-bio.NC",2311.18412.pdf,data/papers/2311.18412.pdf,https://arxiv.org/abs/2311.18412,https://arxiv.org/pdf/2311.18412
2312.05934,Fine-Tuning or Retrieval? Comparing Knowledge Injection in LLMs,Oded Ovadia; Menachem Brief; Moshik Mishaeli; Oren Elisha,,2023,cs.AI,"cs.AI, cs.CL, cs.LG",2312.05934.pdf,data/papers/2312.05934.pdf,https://arxiv.org/abs/2312.05934,https://arxiv.org/pdf/2312.05934
2312.09271,Bayesian Inference of Initial Conditions from Non-Linear Cosmic Structures using Field-Level Emulators,Ludvig Doeser; Drew Jamieson; Stephen Stopyra; Guilhem Lavaux; Florent Leclercq; Jens Jasche,"Monthly Notices of the Royal Astronomical Society, Volume 535, Issue 2, December 2024, Pages 1258-1277",2023,astro-ph.CO,astro-ph.CO,2312.09271.pdf,data/papers/2312.09271.pdf,https://arxiv.org/abs/2312.09271,https://arxiv.org/pdf/2312.09271
2312.10997,Retrieval-Augmented Generation for Large Language Models: A Survey,Yunfan Gao; Yun Xiong; Xinyu Gao; Kangxiang Jia; Jinliu Pan; Yuxi Bi; Yi Dai; Jiawei Sun; Meng Wang; Haofen Wang,,2023,cs.CL,"cs.CL, cs.AI",2312.10997.pdf,data/papers/2312.10997.pdf,https://arxiv.org/abs/2312.10997,https://arxiv.org/pdf/2312.10997
2312.16862,TinyGPT-V: Efficient Multimodal Large Language Model via Small Backbones,Zhengqing Yuan; Zhaoxu Li; Weiran Huang; Yanfang Ye; Lichao Sun,,2023,cs.CV,"cs.CV, cs.CL",2312.16862.pdf,data/papers/2312.16862.pdf,https://arxiv.org/abs/2312.16862,https://arxiv.org/pdf/2312.16862
2401.03462,Long Context Compression with Activation Beacon,Peitian Zhang; Zheng Liu; Shitao Xiao; Ninglu Shao; Qiwei Ye; Zhicheng Dou,,2024,cs.CL,"cs.CL, cs.AI",2401.03462.pdf,data/papers/2401.03462.pdf,https://arxiv.org/abs/2401.03462,https://arxiv.org/pdf/2401.03462
2401.12961,Eloquent: A More Robust Transmission Scheme for LLM Token Streaming,Hanchen Li; Yuhan Liu; Yihua Cheng; Siddhant Ray; Kuntai Du; Junchen Jiang,,2024,cs.NI,"cs.NI, cs.LG",2401.12961.pdf,data/papers/2401.12961.pdf,https://arxiv.org/abs/2401.12961,https://arxiv.org/pdf/2401.12961
2401.15884,Corrective Retrieval Augmented Generation,Shi-Qi Yan; Jia-Chen Gu; Yun Zhu; Zhen-Hua Ling,,2024,cs.CL,cs.CL,2401.15884.pdf,data/papers/2401.15884.pdf,https://arxiv.org/abs/2401.15884,https://arxiv.org/pdf/2401.15884
2401.16891,Channeling of fluorescence photons from quantum dots into guided modes of an optical nanofiber tip,Resmi M; Elaganuru Bashaiah; Ramachandrarao Yalla,"J. Opt. 26, 065401 (2024)",2024,quant-ph,"quant-ph, physics.optics",2401.16891.pdf,data/papers/2401.16891.pdf,https://arxiv.org/abs/2401.16891,https://arxiv.org/pdf/2401.16891
2402.05120,More Agents Is All You Need,Junyou Li; Qin Zhang; Yangbin Yu; Qiang Fu; Deheng Ye,,2024,cs.CL,"cs.CL, cs.AI, cs.LG",2402.05120.pdf,data/papers/2402.05120.pdf,https://arxiv.org/abs/2402.05120,https://arxiv.org/pdf/2402.05120
2402.08268,World Model on Million-Length Video And Language With Blockwise RingAttention,Hao Liu; Wilson Yan; Matei Zaharia; Pieter Abbeel,,2024,cs.LG,cs.LG,2402.08268.pdf,data/papers/2402.08268.pdf,https://arxiv.org/abs/2402.08268,https://arxiv.org/pdf/2402.08268
2402.14207,Assisting in Writing Wikipedia-like Articles From Scratch with Large Language Models,Yijia Shao; Yucheng Jiang; Theodore A. Kanell; Peter Xu; Omar Khattab; Monica S. Lam,,2024,cs.CL,"cs.CL, cs.AI",2402.14207.pdf,data/papers/2402.14207.pdf,https://arxiv.org/abs/2402.14207,https://arxiv.org/pdf/2402.14207
2403.05626,"Leptogenesis, primordial gravitational waves, and PBH-induced reheating",Basabendu Barman; Suruj Jyoti Das; Md Riajul Haque; Yann Mambrini,,2024,hep-ph,"hep-ph, astro-ph.CO, hep-th",2403.05626.pdf,data/papers/2403.05626.pdf,https://arxiv.org/abs/2403.05626,https://arxiv.org/pdf/2403.05626
2403.14230,"Hausdorff dimension of the parameters for $(α,β)$-transformations with the specification property",Mai Oguchi; Mao Shinoda,,2024,math.DS,math.DS,2403.14230.pdf,data/papers/2403.14230.pdf,https://arxiv.org/abs/2403.14230,https://arxiv.org/pdf/2403.14230
2403.19887,Jamba: A Hybrid Transformer-Mamba Language Model,Opher Lieber; Barak Lenz; Hofit Bata; Gal Cohen; Jhonathan Osin; Itay Dalmedigos; Erez Safahi; Shaked Meirom; Yonatan Belinkov; Shai Shalev-Shwartz; Omri Abend; Raz Alon; Tomer Asida; Amir Bergman; Roman Glozman; Michael Gokhman; Avashalom Manevich; Nir Ratner; Noam Rozen; Erez Shwartz; Mor Zusman; Yoav Shoham,,2024,cs.CL,"cs.CL, cs.LG",2403.19887.pdf,data/papers/2403.19887.pdf,https://arxiv.org/abs/2403.19887,https://arxiv.org/pdf/2403.19887
2404.03971,"Straightening for lax transformations and adjunctions of $(\infty,2)$-categories",Fernando Abellán; Andrea Gagna; Rune Haugseng,,2024,math.CT,"math.CT, math.AT",2404.03971.pdf,data/papers/2404.03971.pdf,https://arxiv.org/abs/2404.03971,https://arxiv.org/pdf/2404.03971
2404.13651,Tight matrices and heavy traffic steady state convergence in queueing networks,J. G. Dai; Yiquan Ji; Masakiyo Miyazawa,,2024,math.PR,math.PR,2404.13651.pdf,data/papers/2404.13651.pdf,https://arxiv.org/abs/2404.13651,https://arxiv.org/pdf/2404.13651
2404.16130,From Local to Global: A Graph RAG Approach to Query-Focused Summarization,Darren Edge; Ha Trinh; Newman Cheng; Joshua Bradley; Alex Chao; Apurva Mody; Steven Truitt; Dasha Metropolitansky; Robert Osazuwa Ness; Jonathan Larson,,2024,cs.CL,"cs.CL, cs.AI, cs.IR",2404.16130.pdf,data/papers/2404.16130.pdf,https://arxiv.org/abs/2404.16130,https://arxiv.org/pdf/2404.16130
2405.07437,Evaluation of Retrieval-Augmented Generation: A Survey,Hao Yu; Aoran Gan; Kai Zhang; Shiwei Tong; Qi Liu; Zhaofeng Liu,,2024,cs.CL,"cs.CL, cs.AI",2405.07437.pdf,data/papers/2405.07437.pdf,https://arxiv.org/abs/2405.07437,https://arxiv.org/pdf/2405.07437
2405.09890,Fe-FeH Eutectic Melting Curve and the Estimates of Earth's Core Temperature and Composition,Shuhei Mita; Shoh Tagawa; Kei Hirose; Nagi Ikuta,,2024,cond-mat.mtrl-sci,"cond-mat.mtrl-sci, physics.geo-ph",2405.09890.pdf,data/papers/2405.09890.pdf,https://arxiv.org/abs/2405.09890,https://arxiv.org/pdf/2405.09890
2405.13740,Mining Action Rules for Defect Reduction Planning,Khouloud Oueslati; Gabriel Laberge; Maxime Lamothe; Foutse Khomh,,2024,cs.SE,"cs.SE, cs.LG",2405.13740.pdf,data/papers/2405.13740.pdf,https://arxiv.org/abs/2405.13740,https://arxiv.org/pdf/2405.13740
2406.02532,SpecExec: Massively Parallel Speculative Decoding for Interactive LLM Inference on Consumer Devices,Ruslan Svirschevski; Avner May; Zhuoming Chen; Beidi Chen; Zhihao Jia; Max Ryabinin,,2024,cs.CL,cs.CL,2406.02532.pdf,data/papers/2406.02532.pdf,https://arxiv.org/abs/2406.02532,https://arxiv.org/pdf/2406.02532
2406.04744,CRAG -- Comprehensive RAG Benchmark,Xiao Yang; Kai Sun; Hao Xin; Yushi Sun; Nikita Bhalla; Xiangsen Chen; Sajal Choudhary; Rongze Daniel Gui; Ziran Will Jiang; Ziyu Jiang; Lingkun Kong; Brian Moran; Jiaqi Wang; Yifan Ethan Xu; An Yan; Chenyu Yang; Eting Yuan; Hanwen Zha; Nan Tang; Lei Chen; Nicolas Scheffer; Yue Liu; Nirav Shah; Rakesh Wanga; Anuj Kumar; Wen-tau Yih; Xin Luna Dong,,2024,cs.CL,cs.CL,2406.04744.pdf,data/papers/2406.04744.pdf,https://arxiv.org/abs/2406.04744,https://arxiv.org/pdf/2406.04744
2407.01219,Searching for Best Practices in Retrieval-Augmented Generation,Xiaohua Wang; Zhenghua Wang; Xuan Gao; Feiran Zhang; Yixin Wu; Zhibo Xu; Tianyuan Shi; Zhengyuan Wang; Shizheng Li; Qi Qian; Ruicheng Yin; Changze Lv; Xiaoqing Zheng; Xuanjing Huang,,2024,cs.CL,cs.CL,2407.01219.pdf,data/papers/2407.01219.pdf,https://arxiv.org/abs/2407.01219,https://arxiv.org/pdf/2407.01219
2411.18583,Automated Literature Review Using NLP Techniques and LLM-Based Retrieval-Augmented Generation,Nurshat Fateh Ali; Md. Mahdi Mohtasim; Shakil Mosharrof; T. Gopi Krishna,,2024,cs.CL,"cs.CL, cs.AI, cs.IR, cs.LG",2411.18583.pdf,data/papers/2411.18583.pdf,https://arxiv.org/abs/2411.18583,https://arxiv.org/pdf/2411.18583
2412.05838,A Collaborative Multi-Agent Approach to Retrieval-Augmented Generation Across Diverse Data,Aniruddha Salve; Saba Attar; Mahesh Deshmukh; Sayali Shivpuje; Arnab Mitra Utsab,,2024,cs.AI,cs.AI,2412.05838.pdf,data/papers/2412.05838.pdf,https://arxiv.org/abs/2412.05838,https://arxiv.org/pdf/2412.05838
2502.00306,Riddle Me This! Stealthy Membership Inference for Retrieval-Augmented Generation,Ali Naseh; Yuefeng Peng; Anshuman Suri; Harsh Chaudhari; Alina Oprea; Amir Houmansadr,,2025,cs.CR,"cs.CR, cs.AI, cs.CL, cs.IR, cs.LG",2502.00306.pdf,data/papers/2502.00306.pdf,https://arxiv.org/abs/2502.00306,https://arxiv.org/pdf/2502.00306
2502.01113,GFM-RAG: Graph Foundation Model for Retrieval Augmented Generation,Linhao Luo; Zicheng Zhao; Gholamreza Haffari; Dinh Phung; Chen Gong; Shirui Pan,,2025,cs.IR,"cs.IR, cs.AI, cs.CL",2502.01113.pdf,data/papers/2502.01113.pdf,https://arxiv.org/abs/2502.01113,https://arxiv.org/pdf/2502.01113
2503.16581,Investigating Retrieval-Augmented Generation in Quranic Studies: A Study of 13 Open-Source Large Language Models,Zahra Khalila; Arbi Haza Nasution; Winda Monika; Aytug Onan; Yohei Murakami; Yasir Bin Ismail Radi; Noor Mohammad Osmani,"International Journal of Advanced Computer Science and Applications(IJACSA), 16(2), 2025",2025,cs.CL,"cs.CL, cs.AI, cs.LG",2503.16581.pdf,data/papers/2503.16581.pdf,https://arxiv.org/abs/2503.16581,https://arxiv.org/pdf/2503.16581
2510.22344,FAIR-RAG: Faithful Adaptive Iterative Refinement for Retrieval-Augmented Generation,Mohammad Aghajani Asl; Majid Asgari-Bidhendi; Behrooz Minaei-Bidgoli,,2025,cs.CL,"cs.CL, cs.AI, cs.IR",2510.22344.pdf,data/papers/2510.22344.pdf,https://arxiv.org/abs/2510.22344,https://arxiv.org/pdf/2510.22344
2601.05264,Engineering the RAG Stack: A Comprehensive Review of the Architecture and Trust Frameworks for Retrieval-Augmented Generation Systems,Dean Wampler; Dave Nielson; Alireza Seddighi,,2025,cs.IR,"cs.IR, cs.AI",2601.05264.pdf,data/papers/2601.05264.pdf,https://arxiv.org/abs/2601.05264,https://arxiv.org/pdf/2601.05264
2602.00899,Domain-Adaptive and Scalable Dense Retrieval for Content-Based Recommendation,Mritunjay Pandey,,2026,cs.LG,"cs.LG, cs.IR",2602.00899.pdf,data/papers/2602.00899.pdf,https://arxiv.org/abs/2602.00899,https://arxiv.org/pdf/2602.00899
2602.07739,HypRAG: Hyperbolic Dense Retrieval for Retrieval Augmented Generation,Hiren Madhu; Ngoc Bui; Ali Maatouk; Leandros Tassiulas; Smita Krishnaswamy; Menglin Yang; Sukanta Ganguly; Kiran Srinivasan; Rex Ying,,2026,cs.IR,"cs.IR, cs.AI",2602.07739.pdf,data/papers/2602.07739.pdf,https://arxiv.org/abs/2602.07739,https://arxiv.org/pdf/2602.07739
2603.09891,Overview of the TREC 2025 Retrieval Augmented Generation (RAG) Track,Shivani Upadhyay; Nandan Thakur; Ronak Pradeep; Nick Craswell; Daniel Campos; Jimmy Lin,,2026,cs.IR,cs.IR,2603.09891.pdf,data/papers/2603.09891.pdf,https://arxiv.org/abs/2603.09891,https://arxiv.org/pdf/2603.09891
